{"cameraMode":{"drawMode":0,"name":"Shaded","section":"Shading Mode"},"sceneLighting":false,"audioPlay":false,"sceneViewState":{"showFog":true,"showMaterialUpdate":false,"showSkybox":false,"showFlares":true,"showImageEffects":true,"showParticleSystems":true},"in2DMode":false,"pivot":{"x":-1.1147602796554566,"y":10.093012809753418,"z":0.2546234130859375},"rotation":{"x":-0.16077539324760438,"y":0.8322486281394959,"z":-0.42947524785995486,"w":-0.31155505776405337},"size":6.972171783447266,"orthographic":false}